{ "manifestFiles" : [ "runner.data",
"runner.js",
"runner.wasm",
"audio-worklet.js",
"expose1.mp4",
"hack.mp4",
"game.unx",
"cmatrix.mp4" ], "manifestFilesMD5" : [ "92b2e2f373c790eec2d478655d3f566f",
"8669aa66d44cfb4f13a098cd6b0296e1",
"d29ac123833b56dcfbe188f10e5ecb85",
"e8f1e8db8cf996f8715a6f2164c2e44e",
"7035eea7f604126ee9722f20810ac5c0",
"a3345514215bda1662ab2ecdd51d605b",
"8c9e7d244ff21a6a3aefce04c391e845",
"f7a2658e49a4eab9c8c7559fbecbb3fb" ], "mainJS" : "runner.js", "unx": "game.unx", "index": "index.html", "runner": {"version": "2024.13.1.242", "yyc": false}}