{ "manifestFiles" : [ "runner.data",
"runner.js",
"runner.wasm",
"audio-worklet.js",
"expose1.mp4",
"hack.mp4",
"game.unx",
"cmatrix.mp4" ], "manifestFilesMD5" : [ "92b2e2f373c790eec2d478655d3f566f",
"0abacb959e80005bccbf7da5dbd2c17b",
"8667e7cadd42a80207850c085295aaff",
"e8f1e8db8cf996f8715a6f2164c2e44e",
"7035eea7f604126ee9722f20810ac5c0",
"a3345514215bda1662ab2ecdd51d605b",
"7fc84b2da0ff2039dcaaba23d45b03c0",
"f7a2658e49a4eab9c8c7559fbecbb3fb" ], "mainJS" : "runner.js", "unx": "game.unx", "index": "index.html", "runner": {"version": "2024.13.0.238", "yyc": false}}